-- Insere os dados nas tabelas conforme o esquema fornecido

-- Inserindo partidos
INSERT INTO Partido (nr_partido, ds_sigla, nm_partido, ds_programa, ds_intencoes) VALUES 
(1, 'MDB', 'MOVIMENTO DEMOCRÁTICO BRASILEIRO', 'Promover o desenvolvimento econômico e programas de educação e saúde.', 'Reduzir a desigualdade social, promover os direitos trabalhistas.'),
(2, 'PDT', 'PARTIDO DEMOCRÁTICO TRABALHISTA', 'Defender os direitos dos trabalhadores e investir em educação.', 'Garantir o pleno emprego, promover a distribuição de renda e lutar pela justiça social.'),
(3, 'PT', 'PARTIDO DOS TRABALHADORES', 'Lutar contra a desigualdade social e defender os direitos humanos.', 'Construir uma sociedade mais justa e igualitária e combater a discriminação.'),
(4, 'PCdoB', 'PARTIDO COMUNISTA DO BRASIL', 'Promover o socialismo democrático e lutar contra o neoliberalismo.', 'Promover uma sociedade justa e participação popular.'),
(5, 'PSB', 'PARTIDO SOCIALISTA BRASILEIRO', 'Buscar soluções inovadoras e promover o desenvolvimento sustentável.', 'Garantir acesso a serviços básicos e desenvolvimento econômico sustentável.'),
(6, 'PSDB', 'PARTIDO DA SOCIAL DEMOCRACIA BRASILEIRA', 'Promover o desenvolvimento econômico e investir em infraestrutura.', 'Estimular o crescimento econômico e promover a eficiência na gestão pública.'),
(7, 'AGIR', 'AGIR', 'Buscar soluções pragmáticas e promover o diálogo.', 'Governar com transparência, buscar consenso e desenvolvimento sustentável.'),
(8, 'MBLZN', 'MOBILIZAÇÃO NACIONAL', 'Promover a participação cidadã e lutar contra a corrupção.', 'Fortalecer as instituições democráticas e promover a participação popular.'),
(9, 'CDDNA', 'CIDADANIA', 'Defender direitos individuais e liberdades civis.', 'Garantir liberdade de expressão e defender direitos das minorias.'),
(10, 'PV', 'PARTIDO VERDE', 'Promover o desenvolvimento sustentável e investir em energias renováveis.', 'Combater mudanças climáticas e garantir uso responsável dos recursos naturais.'),
(11, 'AVNT', 'AVANTE', 'Buscar soluções inovadoras e investir em tecnologia.', 'Estimular a inovação e promover o empreendedorismo.'),
(12, 'PP', 'PROGRESSISTAS', 'Defender interesses dos empresários e promover o agronegócio.', 'Estimular crescimento econômico e reduzir burocracia.'),
(13, 'PSTU', 'PARTIDO SOCIALISTA DOS TRABALHADORES UNIFICADO', 'Lutar contra o capitalismo e promover o socialismo.', 'Construir uma sociedade sem classes e controlada pelos trabalhadores.'),
(14, 'PCB', 'PARTIDO COMUNISTA BRASILEIRO', 'Promover o socialismo e lutar contra o imperialismo.', 'Unificar a classe trabalhadora contra o capitalismo e exploração.'),
(15, 'PRTB', 'PARTIDO RENOVADOR TRABALHISTA BRASILEIRO', 'Promover o socialismo e lutar contra o imperialismo.', 'Unificar a classe trabalhadora contra o capitalismo e exploração.'),
(16, 'DC', 'DEMOCRACIA CRISTÃ', 'Defender valores cristãos e promover justiça social.', 'Promover justiça e combater injustiças e opressão.'),
(17, 'PCO', 'PARTIDO DA CAUSA OPERÁRIA', 'Lutar contra o capitalismo e promover o socialismo.', 'Construir um partido revolucionário e lutar pela classe trabalhadora.'),
(18, 'PODE', 'PODEMOS', 'Promover desenvolvimento econômico e social.', 'Estimular crescimento econômico e garantir acesso a serviços básicos.'),
(19, 'RPBLC', 'REPUBLICANOS', 'Defender valores conservadores e promover ordem social.', 'Restaurar ordem na política e combater corrupção.'),
(20, 'PSOL', 'PARTIDO SOCIALISMO E LIBERDADE', 'Lutar contra desigualdades sociais e defender minorias.', 'Construir sociedade justa e combater discriminação.'),
(21, 'PL', 'PARTIDO LIBERAL', 'Promover desenvolvimento econômico e investir em infraestrutura.', 'Estimular crescimento econômico e desenvolvimento regional.'),
(22, 'PSD', 'PARTIDO SOCIAL DEMOCRÁTICO', 'Buscar soluções pragmáticas e promover diálogo.', 'Governar com eficiência e promover desenvolvimento sustentável.'),
(23, 'SLDDD', 'SOLIDARIEDADE', 'Defender direitos dos trabalhadores e inclusão social.', 'Garantir dignidade e promover valores de solidariedade.'),
(24, 'NOVO', 'PARTIDO NOVO', 'Promover liberalismo econômico e reduzir tamanho do Estado.', 'Estimular empreendedorismo e promover eficiência na gestão pública.'),
(25, 'REDE', 'REDE SUSTENTABILIDADE', 'Defender desenvolvimento sustentável e preservar meio ambiente.', 'Combater mudanças climáticas e garantir uso responsável dos recursos naturais.'),
(26, 'PMB', 'PARTIDO DA MULHER BRASILEIRA', 'Promover participação das mulheres e defender seus direitos.', 'Garantir igualdade de oportunidades e combater discriminação de gênero.'),
(27, 'UP', 'UNIDADE POPULAR', 'Lutar contra desigualdades e promover justiça social.', 'Construir sociedade justa e combater exploração e opressão.'),
(28, 'UNIÃO', 'UNIÃO BRASIL', 'Buscar soluções pragmáticas e promover colaboração.', 'Governar com transparência e promover desenvolvimento sustentável.'),
(29, 'PRD', 'PARTIDO RENOVAÇÃO DEMOCRÁTICA', 'Promover renovação política e defender interesses da população.', 'Renovar política brasileira e promover desenvolvimento econômico.');

-- Inserindo indivíduos
INSERT INTO Individuo (nr_cpf, nm_pessoa) VALUES
(14475162731, 'Carlos Silva'),
(25648121779, 'Ana Oliveira'),
(48631975354, 'Mariana Santos'),
(88218185539, 'Pedro Almeida'),
(19216358377, 'Juliana Costa'),
(47619373617, 'Lucas Ferreira'),
(56543521856, 'Isabela Martins'),
(87734553715, 'Thiago Pereira'),
(87147189831, 'Gabriela Vieira'),
(77299495147, 'Mateus Oliveira'),
(54414143561, 'Fernanda Silva'),
(24232836844, 'Bruno Santos'),
(18829156978, 'Laura Costa'),
(23384471691, 'Rafaela Ferreira'),
(64136426269, 'Diego Almeida'),
(75765751638, 'Vanessa Lima'),
(38729551242, 'Luciana Vieira'),
(62495149342, 'Gustavo Souza'),
(43629697821, 'Marcela Oliveira'),
(35375756352, 'Rodrigo Santos'),
(94761733523, 'Camila Costa'),
(31164141476, 'Lucas Silva'),
(49674982966, 'Aline Fernandes'),
(69273186799, 'Carolina Almeida'),
(57776825226, 'Daniel Vieira'),
(19618313365, 'José Oliveira'),
(36152373278, 'Ana Paula Pereira'),
(39263928268, 'Gabriel Martins'),
(38521145675, 'Larissa Costa'),
(49982611981, 'Paulo Ferreira'),
(71537984926, 'Natália Vieira'),
(85872527765, 'Patrícia Lima'),
(48915825966, 'Lucas Rodrigues'),
(91637833434, 'Maria Fernanda'),
(62659212395, 'Anderson Silva'),
(36525384792, 'Camila Oliveira'),
(34426944991, 'Luciana Costa'),
(39965976135, 'João Almeida'),
(54166295357, 'Amanda Souza'),
(13147621865, 'Fernando Pereira'),
(81681929384, 'Juliana Almeida'),
(56912363892, 'Pedro Henrique'),
(49377961547, 'Mariana Oliveira'),
(23146859799, 'Marcos Santos'),
(48764757565, 'Luana Vieira'),
(12669666289, 'Paula Silva'),
(37172958457, 'Bruno Almeida'),
(41756568738, 'Natália Lima'),
(52974674735, 'Ricardo Costa'),
(97356237636, 'Márcio Ferreira'),
(98476912134, 'Daniela Vieira'),
(46822238197, 'Fábio Oliveira'),
(29891824325, 'Tatiane Silva'),
(89438395475, 'Gisele Almeida'),
(62488113381, 'Vinícius Pereira'),
(53417847595, 'Thaís Martins'),
(98794253975, 'Felipe Costa'),
(63131117939, 'Jéssica Oliveira'),
(43113968626, 'Rafael Rodrigues'),
(92328364754, 'Carla Souza'),
(44223279811, 'Lucas Almeida'),
(64774433716, 'Patricia Oliveira'),
(12573778274, 'Roberto Costa'),
(68642261951, 'Nathalia Vieira'),
(29237162651, 'Vitor Almeida'),
(64316215857, 'Amanda Lima'),
(38281614175, 'Bruna Costa'),
(31744139914, 'Leonardo Santos'),
(25846729192, 'Vanessa Oliveira'),
(94554133514, 'Renata Silva'),
(47469538179, 'Felipe Almeida'),
(38373699742, 'Lívia Costa'),
(31711883877, 'Gabriela Almeida'),
(45831723648, 'Fernando Oliveira'),
(57765888599, 'Camila Silva'),
(51565464928, 'Lucas Costa'),
(57328596893, 'Tatiane Oliveira'),
(49955164647, 'Amanda Almeida'),
(24343638954, 'Rodrigo Almeida'),
(25261422897, 'Larissa Rodrigues'),
(18145479421, 'Guilherme Oliveira'),
(55827659642, 'Letícia Almeida'),
(85159563655, 'Thiago Silva'),
(86423322387, 'Renata Oliveira'),
(53249985323, 'Lucas Ferreira'),
(22428657449, 'Maria Lima'),
(69192334915, 'Paulo Almeida'),
(83419851388, 'Ana Paula Oliveira'),
(56652997513, 'Rafaela Almeida'),
(76156783262, 'José Carlos'),
(94192862519, 'Fernanda Almeida'),
(47554185137, 'Felipe Oliveira'),
(26473451244, 'Patricia Almeida'),
(35567127325, 'Paulo Rodrigues'),
(19732316526, 'Camila Almeida'),
(18857626417, 'Rafael Silva'),
(15333936397, 'Lucas Oliveira'),
(75468442213, 'Amanda Costa'),
(44479444376, 'Mariana Almeida'),
(18497458346, 'Vinícius Costa');

-- Inserindo processos judiciais
INSERT INTO Processo_judicial (dt_inicio, dt_fim, ds_procedencia, st_processo) VALUES 
('2023-01-15', '2024-01-15', 'Procedente', 'Julgado'),
('2022-08-20', '2023-05-10', 'Não Procedente', 'Julgado'),
('2024-03-02', NULL, NULL, 'Em tramitação'),
('1999-11-30', '2010-04-15', 'Procedente', 'Julgado');

-- Associando indivíduos a processos judiciais
INSERT INTO Processo_individuo (id_processo, nr_cpf) VALUES
(1, 14475162731),
(2, 25648121779),
(3, 48631975354),
(4, 88218185539);

-- Inserindo candidatos
INSERT INTO Candidato (nr_cpf, nr_partido, an_eleicao) VALUES
(14475162731, 1, 2024),
(25648121779, 2, 2024),
(48631975354, 3, 2024),
(88218185539, 4, 2024);